reference_date,target,horizon,target_end_date,location,output_type,output_type_id,value
2026-05-09,wk inc covid hosp,-1,2026-05-02,Central,quantile,0.025,0
2026-05-09,wk inc covid hosp,-1,2026-05-02,Central,quantile,0.1,6
2026-05-09,wk inc covid hosp,-1,2026-05-02,Central,quantile,0.25,13
2026-05-09,wk inc covid hosp,-1,2026-05-02,Central,quantile,0.5,20
2026-05-09,wk inc covid hosp,-1,2026-05-02,Central,quantile,0.75,26
2026-05-09,wk inc covid hosp,-1,2026-05-02,Central,quantile,0.9,33
2026-05-09,wk inc covid hosp,-1,2026-05-02,Central,quantile,0.975,39
2026-05-09,wk inc covid hosp,0,2026-05-09,Central,quantile,0.025,0
2026-05-09,wk inc covid hosp,0,2026-05-09,Central,quantile,0.1,2
2026-05-09,wk inc covid hosp,0,2026-05-09,Central,quantile,0.25,8
2026-05-09,wk inc covid hosp,0,2026-05-09,Central,quantile,0.5,14
2026-05-09,wk inc covid hosp,0,2026-05-09,Central,quantile,0.75,21
2026-05-09,wk inc covid hosp,0,2026-05-09,Central,quantile,0.9,27
2026-05-09,wk inc covid hosp,0,2026-05-09,Central,quantile,0.975,35
2026-05-09,wk inc covid hosp,1,2026-05-16,Central,quantile,0.025,0
2026-05-09,wk inc covid hosp,1,2026-05-16,Central,quantile,0.1,0
2026-05-09,wk inc covid hosp,1,2026-05-16,Central,quantile,0.25,6
2026-05-09,wk inc covid hosp,1,2026-05-16,Central,quantile,0.5,12
2026-05-09,wk inc covid hosp,1,2026-05-16,Central,quantile,0.75,17
2026-05-09,wk inc covid hosp,1,2026-05-16,Central,quantile,0.9,23
2026-05-09,wk inc covid hosp,1,2026-05-16,Central,quantile,0.975,30
2026-05-09,wk inc covid hosp,2,2026-05-23,Central,quantile,0.025,0
2026-05-09,wk inc covid hosp,2,2026-05-23,Central,quantile,0.1,0
2026-05-09,wk inc covid hosp,2,2026-05-23,Central,quantile,0.25,3
2026-05-09,wk inc covid hosp,2,2026-05-23,Central,quantile,0.5,7
2026-05-09,wk inc covid hosp,2,2026-05-23,Central,quantile,0.75,11
2026-05-09,wk inc covid hosp,2,2026-05-23,Central,quantile,0.9,15
2026-05-09,wk inc covid hosp,2,2026-05-23,Central,quantile,0.975,21
2026-05-09,wk inc covid hosp,3,2026-05-30,Central,quantile,0.025,0
2026-05-09,wk inc covid hosp,3,2026-05-30,Central,quantile,0.1,0
2026-05-09,wk inc covid hosp,3,2026-05-30,Central,quantile,0.25,2
2026-05-09,wk inc covid hosp,3,2026-05-30,Central,quantile,0.5,6
2026-05-09,wk inc covid hosp,3,2026-05-30,Central,quantile,0.75,10
2026-05-09,wk inc covid hosp,3,2026-05-30,Central,quantile,0.9,15
2026-05-09,wk inc covid hosp,3,2026-05-30,Central,quantile,0.975,25
2026-05-09,wk inc covid hosp,-1,2026-05-02,East,quantile,0.025,0
2026-05-09,wk inc covid hosp,-1,2026-05-02,East,quantile,0.1,0
2026-05-09,wk inc covid hosp,-1,2026-05-02,East,quantile,0.25,7
2026-05-09,wk inc covid hosp,-1,2026-05-02,East,quantile,0.5,15
2026-05-09,wk inc covid hosp,-1,2026-05-02,East,quantile,0.75,22
2026-05-09,wk inc covid hosp,-1,2026-05-02,East,quantile,0.9,29
2026-05-09,wk inc covid hosp,-1,2026-05-02,East,quantile,0.975,38
2026-05-09,wk inc covid hosp,0,2026-05-09,East,quantile,0.025,0
2026-05-09,wk inc covid hosp,0,2026-05-09,East,quantile,0.1,0
2026-05-09,wk inc covid hosp,0,2026-05-09,East,quantile,0.25,7
2026-05-09,wk inc covid hosp,0,2026-05-09,East,quantile,0.5,13
2026-05-09,wk inc covid hosp,0,2026-05-09,East,quantile,0.75,20
2026-05-09,wk inc covid hosp,0,2026-05-09,East,quantile,0.9,27
2026-05-09,wk inc covid hosp,0,2026-05-09,East,quantile,0.975,37
2026-05-09,wk inc covid hosp,1,2026-05-16,East,quantile,0.025,0
2026-05-09,wk inc covid hosp,1,2026-05-16,East,quantile,0.1,0
2026-05-09,wk inc covid hosp,1,2026-05-16,East,quantile,0.25,5
2026-05-09,wk inc covid hosp,1,2026-05-16,East,quantile,0.5,11
2026-05-09,wk inc covid hosp,1,2026-05-16,East,quantile,0.75,16
2026-05-09,wk inc covid hosp,1,2026-05-16,East,quantile,0.9,22
2026-05-09,wk inc covid hosp,1,2026-05-16,East,quantile,0.975,28
2026-05-09,wk inc covid hosp,2,2026-05-23,East,quantile,0.025,0
2026-05-09,wk inc covid hosp,2,2026-05-23,East,quantile,0.1,0
2026-05-09,wk inc covid hosp,2,2026-05-23,East,quantile,0.25,2
2026-05-09,wk inc covid hosp,2,2026-05-23,East,quantile,0.5,7
2026-05-09,wk inc covid hosp,2,2026-05-23,East,quantile,0.75,11
2026-05-09,wk inc covid hosp,2,2026-05-23,East,quantile,0.9,17
2026-05-09,wk inc covid hosp,2,2026-05-23,East,quantile,0.975,24
2026-05-09,wk inc covid hosp,3,2026-05-30,East,quantile,0.025,0
2026-05-09,wk inc covid hosp,3,2026-05-30,East,quantile,0.1,0
2026-05-09,wk inc covid hosp,3,2026-05-30,East,quantile,0.25,0
2026-05-09,wk inc covid hosp,3,2026-05-30,East,quantile,0.5,5
2026-05-09,wk inc covid hosp,3,2026-05-30,East,quantile,0.75,9
2026-05-09,wk inc covid hosp,3,2026-05-30,East,quantile,0.9,13
2026-05-09,wk inc covid hosp,3,2026-05-30,East,quantile,0.975,22
2026-05-09,wk inc covid hosp,-1,2026-05-02,North East,quantile,0.025,0
2026-05-09,wk inc covid hosp,-1,2026-05-02,North East,quantile,0.1,0
2026-05-09,wk inc covid hosp,-1,2026-05-02,North East,quantile,0.25,0
2026-05-09,wk inc covid hosp,-1,2026-05-02,North East,quantile,0.5,2
2026-05-09,wk inc covid hosp,-1,2026-05-02,North East,quantile,0.75,5
2026-05-09,wk inc covid hosp,-1,2026-05-02,North East,quantile,0.9,7
2026-05-09,wk inc covid hosp,-1,2026-05-02,North East,quantile,0.975,10
2026-05-09,wk inc covid hosp,0,2026-05-09,North East,quantile,0.025,0
2026-05-09,wk inc covid hosp,0,2026-05-09,North East,quantile,0.1,0
2026-05-09,wk inc covid hosp,0,2026-05-09,North East,quantile,0.25,0
2026-05-09,wk inc covid hosp,0,2026-05-09,North East,quantile,0.5,2
2026-05-09,wk inc covid hosp,0,2026-05-09,North East,quantile,0.75,4
2026-05-09,wk inc covid hosp,0,2026-05-09,North East,quantile,0.9,6
2026-05-09,wk inc covid hosp,0,2026-05-09,North East,quantile,0.975,10
2026-05-09,wk inc covid hosp,1,2026-05-16,North East,quantile,0.025,0
2026-05-09,wk inc covid hosp,1,2026-05-16,North East,quantile,0.1,0
2026-05-09,wk inc covid hosp,1,2026-05-16,North East,quantile,0.25,0
2026-05-09,wk inc covid hosp,1,2026-05-16,North East,quantile,0.5,2
2026-05-09,wk inc covid hosp,1,2026-05-16,North East,quantile,0.75,4
2026-05-09,wk inc covid hosp,1,2026-05-16,North East,quantile,0.9,6
2026-05-09,wk inc covid hosp,1,2026-05-16,North East,quantile,0.975,9
2026-05-09,wk inc covid hosp,2,2026-05-23,North East,quantile,0.025,0
2026-05-09,wk inc covid hosp,2,2026-05-23,North East,quantile,0.1,0
2026-05-09,wk inc covid hosp,2,2026-05-23,North East,quantile,0.25,0
2026-05-09,wk inc covid hosp,2,2026-05-23,North East,quantile,0.5,1
2026-05-09,wk inc covid hosp,2,2026-05-23,North East,quantile,0.75,3
2026-05-09,wk inc covid hosp,2,2026-05-23,North East,quantile,0.9,4
2026-05-09,wk inc covid hosp,2,2026-05-23,North East,quantile,0.975,8
2026-05-09,wk inc covid hosp,3,2026-05-30,North East,quantile,0.025,0
2026-05-09,wk inc covid hosp,3,2026-05-30,North East,quantile,0.1,0
2026-05-09,wk inc covid hosp,3,2026-05-30,North East,quantile,0.25,0
2026-05-09,wk inc covid hosp,3,2026-05-30,North East,quantile,0.5,1
2026-05-09,wk inc covid hosp,3,2026-05-30,North East,quantile,0.75,2
2026-05-09,wk inc covid hosp,3,2026-05-30,North East,quantile,0.9,4
2026-05-09,wk inc covid hosp,3,2026-05-30,North East,quantile,0.975,7
2026-05-09,wk inc covid hosp,-1,2026-05-02,Ontario,quantile,0.025,3
2026-05-09,wk inc covid hosp,-1,2026-05-02,Ontario,quantile,0.1,24
2026-05-09,wk inc covid hosp,-1,2026-05-02,Ontario,quantile,0.25,46
2026-05-09,wk inc covid hosp,-1,2026-05-02,Ontario,quantile,0.5,70
2026-05-09,wk inc covid hosp,-1,2026-05-02,Ontario,quantile,0.75,94
2026-05-09,wk inc covid hosp,-1,2026-05-02,Ontario,quantile,0.9,115
2026-05-09,wk inc covid hosp,-1,2026-05-02,Ontario,quantile,0.975,140
2026-05-09,wk inc covid hosp,0,2026-05-09,Ontario,quantile,0.025,0
2026-05-09,wk inc covid hosp,0,2026-05-09,Ontario,quantile,0.1,4
2026-05-09,wk inc covid hosp,0,2026-05-09,Ontario,quantile,0.25,38
2026-05-09,wk inc covid hosp,0,2026-05-09,Ontario,quantile,0.5,63
2026-05-09,wk inc covid hosp,0,2026-05-09,Ontario,quantile,0.75,87
2026-05-09,wk inc covid hosp,0,2026-05-09,Ontario,quantile,0.9,116
2026-05-09,wk inc covid hosp,0,2026-05-09,Ontario,quantile,0.975,154
2026-05-09,wk inc covid hosp,1,2026-05-16,Ontario,quantile,0.025,0
2026-05-09,wk inc covid hosp,1,2026-05-16,Ontario,quantile,0.1,0
2026-05-09,wk inc covid hosp,1,2026-05-16,Ontario,quantile,0.25,18
2026-05-09,wk inc covid hosp,1,2026-05-16,Ontario,quantile,0.5,45
2026-05-09,wk inc covid hosp,1,2026-05-16,Ontario,quantile,0.75,70
2026-05-09,wk inc covid hosp,1,2026-05-16,Ontario,quantile,0.9,100
2026-05-09,wk inc covid hosp,1,2026-05-16,Ontario,quantile,0.975,144
2026-05-09,wk inc covid hosp,2,2026-05-23,Ontario,quantile,0.025,0
2026-05-09,wk inc covid hosp,2,2026-05-23,Ontario,quantile,0.1,0
2026-05-09,wk inc covid hosp,2,2026-05-23,Ontario,quantile,0.25,9
2026-05-09,wk inc covid hosp,2,2026-05-23,Ontario,quantile,0.5,33
2026-05-09,wk inc covid hosp,2,2026-05-23,Ontario,quantile,0.75,51
2026-05-09,wk inc covid hosp,2,2026-05-23,Ontario,quantile,0.9,74
2026-05-09,wk inc covid hosp,2,2026-05-23,Ontario,quantile,0.975,115
2026-05-09,wk inc covid hosp,3,2026-05-30,Ontario,quantile,0.025,0
2026-05-09,wk inc covid hosp,3,2026-05-30,Ontario,quantile,0.1,0
2026-05-09,wk inc covid hosp,3,2026-05-30,Ontario,quantile,0.25,5
2026-05-09,wk inc covid hosp,3,2026-05-30,Ontario,quantile,0.5,25
2026-05-09,wk inc covid hosp,3,2026-05-30,Ontario,quantile,0.75,44
2026-05-09,wk inc covid hosp,3,2026-05-30,Ontario,quantile,0.9,66
2026-05-09,wk inc covid hosp,3,2026-05-30,Ontario,quantile,0.975,107
2026-05-09,wk inc covid hosp,-1,2026-05-02,Toronto,quantile,0.025,0
2026-05-09,wk inc covid hosp,-1,2026-05-02,Toronto,quantile,0.1,4
2026-05-09,wk inc covid hosp,-1,2026-05-02,Toronto,quantile,0.25,11
2026-05-09,wk inc covid hosp,-1,2026-05-02,Toronto,quantile,0.5,18
2026-05-09,wk inc covid hosp,-1,2026-05-02,Toronto,quantile,0.75,24
2026-05-09,wk inc covid hosp,-1,2026-05-02,Toronto,quantile,0.9,32
2026-05-09,wk inc covid hosp,-1,2026-05-02,Toronto,quantile,0.975,39
2026-05-09,wk inc covid hosp,0,2026-05-09,Toronto,quantile,0.025,0
2026-05-09,wk inc covid hosp,0,2026-05-09,Toronto,quantile,0.1,3
2026-05-09,wk inc covid hosp,0,2026-05-09,Toronto,quantile,0.25,9
2026-05-09,wk inc covid hosp,0,2026-05-09,Toronto,quantile,0.5,14
2026-05-09,wk inc covid hosp,0,2026-05-09,Toronto,quantile,0.75,19
2026-05-09,wk inc covid hosp,0,2026-05-09,Toronto,quantile,0.9,25
2026-05-09,wk inc covid hosp,0,2026-05-09,Toronto,quantile,0.975,34
2026-05-09,wk inc covid hosp,1,2026-05-16,Toronto,quantile,0.025,0
2026-05-09,wk inc covid hosp,1,2026-05-16,Toronto,quantile,0.1,0
2026-05-09,wk inc covid hosp,1,2026-05-16,Toronto,quantile,0.25,6
2026-05-09,wk inc covid hosp,1,2026-05-16,Toronto,quantile,0.5,11
2026-05-09,wk inc covid hosp,1,2026-05-16,Toronto,quantile,0.75,16
2026-05-09,wk inc covid hosp,1,2026-05-16,Toronto,quantile,0.9,21
2026-05-09,wk inc covid hosp,1,2026-05-16,Toronto,quantile,0.975,27
2026-05-09,wk inc covid hosp,2,2026-05-23,Toronto,quantile,0.025,0
2026-05-09,wk inc covid hosp,2,2026-05-23,Toronto,quantile,0.1,0
2026-05-09,wk inc covid hosp,2,2026-05-23,Toronto,quantile,0.25,4
2026-05-09,wk inc covid hosp,2,2026-05-23,Toronto,quantile,0.5,8
2026-05-09,wk inc covid hosp,2,2026-05-23,Toronto,quantile,0.75,13
2026-05-09,wk inc covid hosp,2,2026-05-23,Toronto,quantile,0.9,17
2026-05-09,wk inc covid hosp,2,2026-05-23,Toronto,quantile,0.975,23
2026-05-09,wk inc covid hosp,3,2026-05-30,Toronto,quantile,0.025,0
2026-05-09,wk inc covid hosp,3,2026-05-30,Toronto,quantile,0.1,0
2026-05-09,wk inc covid hosp,3,2026-05-30,Toronto,quantile,0.25,2
2026-05-09,wk inc covid hosp,3,2026-05-30,Toronto,quantile,0.5,6
2026-05-09,wk inc covid hosp,3,2026-05-30,Toronto,quantile,0.75,9
2026-05-09,wk inc covid hosp,3,2026-05-30,Toronto,quantile,0.9,13
2026-05-09,wk inc covid hosp,3,2026-05-30,Toronto,quantile,0.975,21
2026-05-09,wk inc covid hosp,-1,2026-05-02,West,quantile,0.025,0
2026-05-09,wk inc covid hosp,-1,2026-05-02,West,quantile,0.1,1
2026-05-09,wk inc covid hosp,-1,2026-05-02,West,quantile,0.25,9
2026-05-09,wk inc covid hosp,-1,2026-05-02,West,quantile,0.5,18
2026-05-09,wk inc covid hosp,-1,2026-05-02,West,quantile,0.75,26
2026-05-09,wk inc covid hosp,-1,2026-05-02,West,quantile,0.9,35
2026-05-09,wk inc covid hosp,-1,2026-05-02,West,quantile,0.975,43
2026-05-09,wk inc covid hosp,0,2026-05-09,West,quantile,0.025,0
2026-05-09,wk inc covid hosp,0,2026-05-09,West,quantile,0.1,1
2026-05-09,wk inc covid hosp,0,2026-05-09,West,quantile,0.25,10
2026-05-09,wk inc covid hosp,0,2026-05-09,West,quantile,0.5,19
2026-05-09,wk inc covid hosp,0,2026-05-09,West,quantile,0.75,26
2026-05-09,wk inc covid hosp,0,2026-05-09,West,quantile,0.9,34
2026-05-09,wk inc covid hosp,0,2026-05-09,West,quantile,0.975,45
2026-05-09,wk inc covid hosp,1,2026-05-16,West,quantile,0.025,0
2026-05-09,wk inc covid hosp,1,2026-05-16,West,quantile,0.1,0
2026-05-09,wk inc covid hosp,1,2026-05-16,West,quantile,0.25,5
2026-05-09,wk inc covid hosp,1,2026-05-16,West,quantile,0.5,13
2026-05-09,wk inc covid hosp,1,2026-05-16,West,quantile,0.75,20
2026-05-09,wk inc covid hosp,1,2026-05-16,West,quantile,0.9,28
2026-05-09,wk inc covid hosp,1,2026-05-16,West,quantile,0.975,39
2026-05-09,wk inc covid hosp,2,2026-05-23,West,quantile,0.025,0
2026-05-09,wk inc covid hosp,2,2026-05-23,West,quantile,0.1,0
2026-05-09,wk inc covid hosp,2,2026-05-23,West,quantile,0.25,4
2026-05-09,wk inc covid hosp,2,2026-05-23,West,quantile,0.5,10
2026-05-09,wk inc covid hosp,2,2026-05-23,West,quantile,0.75,16
2026-05-09,wk inc covid hosp,2,2026-05-23,West,quantile,0.9,23
2026-05-09,wk inc covid hosp,2,2026-05-23,West,quantile,0.975,36
2026-05-09,wk inc covid hosp,3,2026-05-30,West,quantile,0.025,0
2026-05-09,wk inc covid hosp,3,2026-05-30,West,quantile,0.1,0
2026-05-09,wk inc covid hosp,3,2026-05-30,West,quantile,0.25,0
2026-05-09,wk inc covid hosp,3,2026-05-30,West,quantile,0.5,6
2026-05-09,wk inc covid hosp,3,2026-05-30,West,quantile,0.75,11
2026-05-09,wk inc covid hosp,3,2026-05-30,West,quantile,0.9,15
2026-05-09,wk inc covid hosp,3,2026-05-30,West,quantile,0.975,24
2026-05-09,wk inc flu hosp,-1,2026-05-02,Central,quantile,0.025,0
2026-05-09,wk inc flu hosp,-1,2026-05-02,Central,quantile,0.1,0
2026-05-09,wk inc flu hosp,-1,2026-05-02,Central,quantile,0.25,0
2026-05-09,wk inc flu hosp,-1,2026-05-02,Central,quantile,0.5,10
2026-05-09,wk inc flu hosp,-1,2026-05-02,Central,quantile,0.75,40
2026-05-09,wk inc flu hosp,-1,2026-05-02,Central,quantile,0.9,68
2026-05-09,wk inc flu hosp,-1,2026-05-02,Central,quantile,0.975,91
2026-05-09,wk inc flu hosp,0,2026-05-09,Central,quantile,0.025,0
2026-05-09,wk inc flu hosp,0,2026-05-09,Central,quantile,0.1,0
2026-05-09,wk inc flu hosp,0,2026-05-09,Central,quantile,0.25,0
2026-05-09,wk inc flu hosp,0,2026-05-09,Central,quantile,0.5,1
2026-05-09,wk inc flu hosp,0,2026-05-09,Central,quantile,0.75,26
2026-05-09,wk inc flu hosp,0,2026-05-09,Central,quantile,0.9,49
2026-05-09,wk inc flu hosp,0,2026-05-09,Central,quantile,0.975,88
2026-05-09,wk inc flu hosp,1,2026-05-16,Central,quantile,0.025,0
2026-05-09,wk inc flu hosp,1,2026-05-16,Central,quantile,0.1,0
2026-05-09,wk inc flu hosp,1,2026-05-16,Central,quantile,0.25,0
2026-05-09,wk inc flu hosp,1,2026-05-16,Central,quantile,0.5,2
2026-05-09,wk inc flu hosp,1,2026-05-16,Central,quantile,0.75,27
2026-05-09,wk inc flu hosp,1,2026-05-16,Central,quantile,0.9,53
2026-05-09,wk inc flu hosp,1,2026-05-16,Central,quantile,0.975,99
2026-05-09,wk inc flu hosp,2,2026-05-23,Central,quantile,0.025,0
2026-05-09,wk inc flu hosp,2,2026-05-23,Central,quantile,0.1,0
2026-05-09,wk inc flu hosp,2,2026-05-23,Central,quantile,0.25,0
2026-05-09,wk inc flu hosp,2,2026-05-23,Central,quantile,0.5,2
2026-05-09,wk inc flu hosp,2,2026-05-23,Central,quantile,0.75,22
2026-05-09,wk inc flu hosp,2,2026-05-23,Central,quantile,0.9,48
2026-05-09,wk inc flu hosp,2,2026-05-23,Central,quantile,0.975,93
2026-05-09,wk inc flu hosp,3,2026-05-30,Central,quantile,0.025,0
2026-05-09,wk inc flu hosp,3,2026-05-30,Central,quantile,0.1,0
2026-05-09,wk inc flu hosp,3,2026-05-30,Central,quantile,0.25,0
2026-05-09,wk inc flu hosp,3,2026-05-30,Central,quantile,0.5,2
2026-05-09,wk inc flu hosp,3,2026-05-30,Central,quantile,0.75,24
2026-05-09,wk inc flu hosp,3,2026-05-30,Central,quantile,0.9,57
2026-05-09,wk inc flu hosp,3,2026-05-30,Central,quantile,0.975,126
2026-05-09,wk inc flu hosp,-1,2026-05-02,East,quantile,0.025,0
2026-05-09,wk inc flu hosp,-1,2026-05-02,East,quantile,0.1,0
2026-05-09,wk inc flu hosp,-1,2026-05-02,East,quantile,0.25,0
2026-05-09,wk inc flu hosp,-1,2026-05-02,East,quantile,0.5,4
2026-05-09,wk inc flu hosp,-1,2026-05-02,East,quantile,0.75,25
2026-05-09,wk inc flu hosp,-1,2026-05-02,East,quantile,0.9,43
2026-05-09,wk inc flu hosp,-1,2026-05-02,East,quantile,0.975,67
2026-05-09,wk inc flu hosp,0,2026-05-09,East,quantile,0.025,0
2026-05-09,wk inc flu hosp,0,2026-05-09,East,quantile,0.1,0
2026-05-09,wk inc flu hosp,0,2026-05-09,East,quantile,0.25,0
2026-05-09,wk inc flu hosp,0,2026-05-09,East,quantile,0.5,1
2026-05-09,wk inc flu hosp,0,2026-05-09,East,quantile,0.75,17
2026-05-09,wk inc flu hosp,0,2026-05-09,East,quantile,0.9,35
2026-05-09,wk inc flu hosp,0,2026-05-09,East,quantile,0.975,63
2026-05-09,wk inc flu hosp,1,2026-05-16,East,quantile,0.025,0
2026-05-09,wk inc flu hosp,1,2026-05-16,East,quantile,0.1,0
2026-05-09,wk inc flu hosp,1,2026-05-16,East,quantile,0.25,0
2026-05-09,wk inc flu hosp,1,2026-05-16,East,quantile,0.5,1
2026-05-09,wk inc flu hosp,1,2026-05-16,East,quantile,0.75,15
2026-05-09,wk inc flu hosp,1,2026-05-16,East,quantile,0.9,38
2026-05-09,wk inc flu hosp,1,2026-05-16,East,quantile,0.975,66
2026-05-09,wk inc flu hosp,2,2026-05-23,East,quantile,0.025,0
2026-05-09,wk inc flu hosp,2,2026-05-23,East,quantile,0.1,0
2026-05-09,wk inc flu hosp,2,2026-05-23,East,quantile,0.25,0
2026-05-09,wk inc flu hosp,2,2026-05-23,East,quantile,0.5,0
2026-05-09,wk inc flu hosp,2,2026-05-23,East,quantile,0.75,16
2026-05-09,wk inc flu hosp,2,2026-05-23,East,quantile,0.9,33
2026-05-09,wk inc flu hosp,2,2026-05-23,East,quantile,0.975,62
2026-05-09,wk inc flu hosp,3,2026-05-30,East,quantile,0.025,0
2026-05-09,wk inc flu hosp,3,2026-05-30,East,quantile,0.1,0
2026-05-09,wk inc flu hosp,3,2026-05-30,East,quantile,0.25,0
2026-05-09,wk inc flu hosp,3,2026-05-30,East,quantile,0.5,2
2026-05-09,wk inc flu hosp,3,2026-05-30,East,quantile,0.75,17
2026-05-09,wk inc flu hosp,3,2026-05-30,East,quantile,0.9,42
2026-05-09,wk inc flu hosp,3,2026-05-30,East,quantile,0.975,93
2026-05-09,wk inc flu hosp,-1,2026-05-02,Ontario,quantile,0.025,0
2026-05-09,wk inc flu hosp,-1,2026-05-02,Ontario,quantile,0.1,0
2026-05-09,wk inc flu hosp,-1,2026-05-02,Ontario,quantile,0.25,0
2026-05-09,wk inc flu hosp,-1,2026-05-02,Ontario,quantile,0.5,42
2026-05-09,wk inc flu hosp,-1,2026-05-02,Ontario,quantile,0.75,155
2026-05-09,wk inc flu hosp,-1,2026-05-02,Ontario,quantile,0.9,260
2026-05-09,wk inc flu hosp,-1,2026-05-02,Ontario,quantile,0.975,355
2026-05-09,wk inc flu hosp,0,2026-05-09,Ontario,quantile,0.025,0
2026-05-09,wk inc flu hosp,0,2026-05-09,Ontario,quantile,0.1,0
2026-05-09,wk inc flu hosp,0,2026-05-09,Ontario,quantile,0.25,0
2026-05-09,wk inc flu hosp,0,2026-05-09,Ontario,quantile,0.5,17
2026-05-09,wk inc flu hosp,0,2026-05-09,Ontario,quantile,0.75,116
2026-05-09,wk inc flu hosp,0,2026-05-09,Ontario,quantile,0.9,225
2026-05-09,wk inc flu hosp,0,2026-05-09,Ontario,quantile,0.975,424
2026-05-09,wk inc flu hosp,1,2026-05-16,Ontario,quantile,0.025,0
2026-05-09,wk inc flu hosp,1,2026-05-16,Ontario,quantile,0.1,0
2026-05-09,wk inc flu hosp,1,2026-05-16,Ontario,quantile,0.25,0
2026-05-09,wk inc flu hosp,1,2026-05-16,Ontario,quantile,0.5,20
2026-05-09,wk inc flu hosp,1,2026-05-16,Ontario,quantile,0.75,133
2026-05-09,wk inc flu hosp,1,2026-05-16,Ontario,quantile,0.9,289
2026-05-09,wk inc flu hosp,1,2026-05-16,Ontario,quantile,0.975,568
2026-05-09,wk inc flu hosp,2,2026-05-23,Ontario,quantile,0.025,0
2026-05-09,wk inc flu hosp,2,2026-05-23,Ontario,quantile,0.1,0
2026-05-09,wk inc flu hosp,2,2026-05-23,Ontario,quantile,0.25,0
2026-05-09,wk inc flu hosp,2,2026-05-23,Ontario,quantile,0.5,16
2026-05-09,wk inc flu hosp,2,2026-05-23,Ontario,quantile,0.75,143
2026-05-09,wk inc flu hosp,2,2026-05-23,Ontario,quantile,0.9,336
2026-05-09,wk inc flu hosp,2,2026-05-23,Ontario,quantile,0.975,706
2026-05-09,wk inc flu hosp,3,2026-05-30,Ontario,quantile,0.025,0
2026-05-09,wk inc flu hosp,3,2026-05-30,Ontario,quantile,0.1,0
2026-05-09,wk inc flu hosp,3,2026-05-30,Ontario,quantile,0.25,0
2026-05-09,wk inc flu hosp,3,2026-05-30,Ontario,quantile,0.5,12
2026-05-09,wk inc flu hosp,3,2026-05-30,Ontario,quantile,0.75,110
2026-05-09,wk inc flu hosp,3,2026-05-30,Ontario,quantile,0.9,375
2026-05-09,wk inc flu hosp,3,2026-05-30,Ontario,quantile,0.975,974
2026-05-09,wk inc flu hosp,-1,2026-05-02,Toronto,quantile,0.025,0
2026-05-09,wk inc flu hosp,-1,2026-05-02,Toronto,quantile,0.1,0
2026-05-09,wk inc flu hosp,-1,2026-05-02,Toronto,quantile,0.25,0
2026-05-09,wk inc flu hosp,-1,2026-05-02,Toronto,quantile,0.5,15
2026-05-09,wk inc flu hosp,-1,2026-05-02,Toronto,quantile,0.75,41
2026-05-09,wk inc flu hosp,-1,2026-05-02,Toronto,quantile,0.9,65
2026-05-09,wk inc flu hosp,-1,2026-05-02,Toronto,quantile,0.975,88
2026-05-09,wk inc flu hosp,0,2026-05-09,Toronto,quantile,0.025,0
2026-05-09,wk inc flu hosp,0,2026-05-09,Toronto,quantile,0.1,0
2026-05-09,wk inc flu hosp,0,2026-05-09,Toronto,quantile,0.25,0
2026-05-09,wk inc flu hosp,0,2026-05-09,Toronto,quantile,0.5,2
2026-05-09,wk inc flu hosp,0,2026-05-09,Toronto,quantile,0.75,25
2026-05-09,wk inc flu hosp,0,2026-05-09,Toronto,quantile,0.9,50
2026-05-09,wk inc flu hosp,0,2026-05-09,Toronto,quantile,0.975,88
2026-05-09,wk inc flu hosp,1,2026-05-16,Toronto,quantile,0.025,0
2026-05-09,wk inc flu hosp,1,2026-05-16,Toronto,quantile,0.1,0
2026-05-09,wk inc flu hosp,1,2026-05-16,Toronto,quantile,0.25,0
2026-05-09,wk inc flu hosp,1,2026-05-16,Toronto,quantile,0.5,3
2026-05-09,wk inc flu hosp,1,2026-05-16,Toronto,quantile,0.75,22
2026-05-09,wk inc flu hosp,1,2026-05-16,Toronto,quantile,0.9,51
2026-05-09,wk inc flu hosp,1,2026-05-16,Toronto,quantile,0.975,96
2026-05-09,wk inc flu hosp,2,2026-05-23,Toronto,quantile,0.025,0
2026-05-09,wk inc flu hosp,2,2026-05-23,Toronto,quantile,0.1,0
2026-05-09,wk inc flu hosp,2,2026-05-23,Toronto,quantile,0.25,0
2026-05-09,wk inc flu hosp,2,2026-05-23,Toronto,quantile,0.5,4
2026-05-09,wk inc flu hosp,2,2026-05-23,Toronto,quantile,0.75,23
2026-05-09,wk inc flu hosp,2,2026-05-23,Toronto,quantile,0.9,52
2026-05-09,wk inc flu hosp,2,2026-05-23,Toronto,quantile,0.975,101
2026-05-09,wk inc flu hosp,3,2026-05-30,Toronto,quantile,0.025,0
2026-05-09,wk inc flu hosp,3,2026-05-30,Toronto,quantile,0.1,0
2026-05-09,wk inc flu hosp,3,2026-05-30,Toronto,quantile,0.25,0
2026-05-09,wk inc flu hosp,3,2026-05-30,Toronto,quantile,0.5,4
2026-05-09,wk inc flu hosp,3,2026-05-30,Toronto,quantile,0.75,24
2026-05-09,wk inc flu hosp,3,2026-05-30,Toronto,quantile,0.9,63
2026-05-09,wk inc flu hosp,3,2026-05-30,Toronto,quantile,0.975,136
2026-05-09,wk inc flu hosp,-1,2026-05-02,West,quantile,0.025,0
2026-05-09,wk inc flu hosp,-1,2026-05-02,West,quantile,0.1,0
2026-05-09,wk inc flu hosp,-1,2026-05-02,West,quantile,0.25,0
2026-05-09,wk inc flu hosp,-1,2026-05-02,West,quantile,0.5,3
2026-05-09,wk inc flu hosp,-1,2026-05-02,West,quantile,0.75,34
2026-05-09,wk inc flu hosp,-1,2026-05-02,West,quantile,0.9,66
2026-05-09,wk inc flu hosp,-1,2026-05-02,West,quantile,0.975,95
2026-05-09,wk inc flu hosp,0,2026-05-09,West,quantile,0.025,0
2026-05-09,wk inc flu hosp,0,2026-05-09,West,quantile,0.1,0
2026-05-09,wk inc flu hosp,0,2026-05-09,West,quantile,0.25,0
2026-05-09,wk inc flu hosp,0,2026-05-09,West,quantile,0.5,5
2026-05-09,wk inc flu hosp,0,2026-05-09,West,quantile,0.75,31
2026-05-09,wk inc flu hosp,0,2026-05-09,West,quantile,0.9,59
2026-05-09,wk inc flu hosp,0,2026-05-09,West,quantile,0.975,95
2026-05-09,wk inc flu hosp,1,2026-05-16,West,quantile,0.025,0
2026-05-09,wk inc flu hosp,1,2026-05-16,West,quantile,0.1,0
2026-05-09,wk inc flu hosp,1,2026-05-16,West,quantile,0.25,0
2026-05-09,wk inc flu hosp,1,2026-05-16,West,quantile,0.5,5
2026-05-09,wk inc flu hosp,1,2026-05-16,West,quantile,0.75,27
2026-05-09,wk inc flu hosp,1,2026-05-16,West,quantile,0.9,59
2026-05-09,wk inc flu hosp,1,2026-05-16,West,quantile,0.975,104
2026-05-09,wk inc flu hosp,2,2026-05-23,West,quantile,0.025,0
2026-05-09,wk inc flu hosp,2,2026-05-23,West,quantile,0.1,0
2026-05-09,wk inc flu hosp,2,2026-05-23,West,quantile,0.25,0
2026-05-09,wk inc flu hosp,2,2026-05-23,West,quantile,0.5,2
2026-05-09,wk inc flu hosp,2,2026-05-23,West,quantile,0.75,22
2026-05-09,wk inc flu hosp,2,2026-05-23,West,quantile,0.9,59
2026-05-09,wk inc flu hosp,2,2026-05-23,West,quantile,0.975,128
2026-05-09,wk inc flu hosp,3,2026-05-30,West,quantile,0.025,0
2026-05-09,wk inc flu hosp,3,2026-05-30,West,quantile,0.1,0
2026-05-09,wk inc flu hosp,3,2026-05-30,West,quantile,0.25,0
2026-05-09,wk inc flu hosp,3,2026-05-30,West,quantile,0.5,2
2026-05-09,wk inc flu hosp,3,2026-05-30,West,quantile,0.75,22
2026-05-09,wk inc flu hosp,3,2026-05-30,West,quantile,0.9,65
2026-05-09,wk inc flu hosp,3,2026-05-30,West,quantile,0.975,157
2026-05-09,wk inc rsv hosp,-1,2026-05-02,Central,quantile,0.025,0
2026-05-09,wk inc rsv hosp,-1,2026-05-02,Central,quantile,0.1,3
2026-05-09,wk inc rsv hosp,-1,2026-05-02,Central,quantile,0.25,6
2026-05-09,wk inc rsv hosp,-1,2026-05-02,Central,quantile,0.5,10
2026-05-09,wk inc rsv hosp,-1,2026-05-02,Central,quantile,0.75,14
2026-05-09,wk inc rsv hosp,-1,2026-05-02,Central,quantile,0.9,17
2026-05-09,wk inc rsv hosp,-1,2026-05-02,Central,quantile,0.975,21
2026-05-09,wk inc rsv hosp,0,2026-05-09,Central,quantile,0.025,2
2026-05-09,wk inc rsv hosp,0,2026-05-09,Central,quantile,0.1,4
2026-05-09,wk inc rsv hosp,0,2026-05-09,Central,quantile,0.25,7
2026-05-09,wk inc rsv hosp,0,2026-05-09,Central,quantile,0.5,9
2026-05-09,wk inc rsv hosp,0,2026-05-09,Central,quantile,0.75,12
2026-05-09,wk inc rsv hosp,0,2026-05-09,Central,quantile,0.9,14
2026-05-09,wk inc rsv hosp,0,2026-05-09,Central,quantile,0.975,18
2026-05-09,wk inc rsv hosp,1,2026-05-16,Central,quantile,0.025,0
2026-05-09,wk inc rsv hosp,1,2026-05-16,Central,quantile,0.1,4
2026-05-09,wk inc rsv hosp,1,2026-05-16,Central,quantile,0.25,5
2026-05-09,wk inc rsv hosp,1,2026-05-16,Central,quantile,0.5,7
2026-05-09,wk inc rsv hosp,1,2026-05-16,Central,quantile,0.75,10
2026-05-09,wk inc rsv hosp,1,2026-05-16,Central,quantile,0.9,12
2026-05-09,wk inc rsv hosp,1,2026-05-16,Central,quantile,0.975,15
2026-05-09,wk inc rsv hosp,2,2026-05-23,Central,quantile,0.025,0
2026-05-09,wk inc rsv hosp,2,2026-05-23,Central,quantile,0.1,2
2026-05-09,wk inc rsv hosp,2,2026-05-23,Central,quantile,0.25,4
2026-05-09,wk inc rsv hosp,2,2026-05-23,Central,quantile,0.5,6
2026-05-09,wk inc rsv hosp,2,2026-05-23,Central,quantile,0.75,8
2026-05-09,wk inc rsv hosp,2,2026-05-23,Central,quantile,0.9,11
2026-05-09,wk inc rsv hosp,2,2026-05-23,Central,quantile,0.975,14
2026-05-09,wk inc rsv hosp,3,2026-05-30,Central,quantile,0.025,0
2026-05-09,wk inc rsv hosp,3,2026-05-30,Central,quantile,0.1,2
2026-05-09,wk inc rsv hosp,3,2026-05-30,Central,quantile,0.25,4
2026-05-09,wk inc rsv hosp,3,2026-05-30,Central,quantile,0.5,6
2026-05-09,wk inc rsv hosp,3,2026-05-30,Central,quantile,0.75,8
2026-05-09,wk inc rsv hosp,3,2026-05-30,Central,quantile,0.9,12
2026-05-09,wk inc rsv hosp,3,2026-05-30,Central,quantile,0.975,16
2026-05-09,wk inc rsv hosp,-1,2026-05-02,East,quantile,0.025,0
2026-05-09,wk inc rsv hosp,-1,2026-05-02,East,quantile,0.1,2
2026-05-09,wk inc rsv hosp,-1,2026-05-02,East,quantile,0.25,5
2026-05-09,wk inc rsv hosp,-1,2026-05-02,East,quantile,0.5,9
2026-05-09,wk inc rsv hosp,-1,2026-05-02,East,quantile,0.75,13
2026-05-09,wk inc rsv hosp,-1,2026-05-02,East,quantile,0.9,16
2026-05-09,wk inc rsv hosp,-1,2026-05-02,East,quantile,0.975,20
2026-05-09,wk inc rsv hosp,0,2026-05-09,East,quantile,0.025,1
2026-05-09,wk inc rsv hosp,0,2026-05-09,East,quantile,0.1,4
2026-05-09,wk inc rsv hosp,0,2026-05-09,East,quantile,0.25,6
2026-05-09,wk inc rsv hosp,0,2026-05-09,East,quantile,0.5,9
2026-05-09,wk inc rsv hosp,0,2026-05-09,East,quantile,0.75,12
2026-05-09,wk inc rsv hosp,0,2026-05-09,East,quantile,0.9,15
2026-05-09,wk inc rsv hosp,0,2026-05-09,East,quantile,0.975,18
2026-05-09,wk inc rsv hosp,1,2026-05-16,East,quantile,0.025,0
2026-05-09,wk inc rsv hosp,1,2026-05-16,East,quantile,0.1,2
2026-05-09,wk inc rsv hosp,1,2026-05-16,East,quantile,0.25,4
2026-05-09,wk inc rsv hosp,1,2026-05-16,East,quantile,0.5,5
2026-05-09,wk inc rsv hosp,1,2026-05-16,East,quantile,0.75,8
2026-05-09,wk inc rsv hosp,1,2026-05-16,East,quantile,0.9,9
2026-05-09,wk inc rsv hosp,1,2026-05-16,East,quantile,0.975,12
2026-05-09,wk inc rsv hosp,2,2026-05-23,East,quantile,0.025,0
2026-05-09,wk inc rsv hosp,2,2026-05-23,East,quantile,0.1,1
2026-05-09,wk inc rsv hosp,2,2026-05-23,East,quantile,0.25,3
2026-05-09,wk inc rsv hosp,2,2026-05-23,East,quantile,0.5,4
2026-05-09,wk inc rsv hosp,2,2026-05-23,East,quantile,0.75,6
2026-05-09,wk inc rsv hosp,2,2026-05-23,East,quantile,0.9,8
2026-05-09,wk inc rsv hosp,2,2026-05-23,East,quantile,0.975,11
2026-05-09,wk inc rsv hosp,3,2026-05-30,East,quantile,0.025,0
2026-05-09,wk inc rsv hosp,3,2026-05-30,East,quantile,0.1,1
2026-05-09,wk inc rsv hosp,3,2026-05-30,East,quantile,0.25,2
2026-05-09,wk inc rsv hosp,3,2026-05-30,East,quantile,0.5,4
2026-05-09,wk inc rsv hosp,3,2026-05-30,East,quantile,0.75,6
2026-05-09,wk inc rsv hosp,3,2026-05-30,East,quantile,0.9,8
2026-05-09,wk inc rsv hosp,3,2026-05-30,East,quantile,0.975,11
2026-05-09,wk inc rsv hosp,-1,2026-05-02,North East,quantile,0.025,0
2026-05-09,wk inc rsv hosp,-1,2026-05-02,North East,quantile,0.1,0
2026-05-09,wk inc rsv hosp,-1,2026-05-02,North East,quantile,0.25,0
2026-05-09,wk inc rsv hosp,-1,2026-05-02,North East,quantile,0.5,2
2026-05-09,wk inc rsv hosp,-1,2026-05-02,North East,quantile,0.75,3
2026-05-09,wk inc rsv hosp,-1,2026-05-02,North East,quantile,0.9,4
2026-05-09,wk inc rsv hosp,-1,2026-05-02,North East,quantile,0.975,6
2026-05-09,wk inc rsv hosp,0,2026-05-09,North East,quantile,0.025,2
2026-05-09,wk inc rsv hosp,0,2026-05-09,North East,quantile,0.1,2
2026-05-09,wk inc rsv hosp,0,2026-05-09,North East,quantile,0.25,2
2026-05-09,wk inc rsv hosp,0,2026-05-09,North East,quantile,0.5,3
2026-05-09,wk inc rsv hosp,0,2026-05-09,North East,quantile,0.75,4
2026-05-09,wk inc rsv hosp,0,2026-05-09,North East,quantile,0.9,5
2026-05-09,wk inc rsv hosp,0,2026-05-09,North East,quantile,0.975,7
2026-05-09,wk inc rsv hosp,1,2026-05-16,North East,quantile,0.025,1
2026-05-09,wk inc rsv hosp,1,2026-05-16,North East,quantile,0.1,1
2026-05-09,wk inc rsv hosp,1,2026-05-16,North East,quantile,0.25,2
2026-05-09,wk inc rsv hosp,1,2026-05-16,North East,quantile,0.5,2
2026-05-09,wk inc rsv hosp,1,2026-05-16,North East,quantile,0.75,3
2026-05-09,wk inc rsv hosp,1,2026-05-16,North East,quantile,0.9,4
2026-05-09,wk inc rsv hosp,1,2026-05-16,North East,quantile,0.975,6
2026-05-09,wk inc rsv hosp,2,2026-05-23,North East,quantile,0.025,1
2026-05-09,wk inc rsv hosp,2,2026-05-23,North East,quantile,0.1,1
2026-05-09,wk inc rsv hosp,2,2026-05-23,North East,quantile,0.25,2
2026-05-09,wk inc rsv hosp,2,2026-05-23,North East,quantile,0.5,2
2026-05-09,wk inc rsv hosp,2,2026-05-23,North East,quantile,0.75,3
2026-05-09,wk inc rsv hosp,2,2026-05-23,North East,quantile,0.9,4
2026-05-09,wk inc rsv hosp,2,2026-05-23,North East,quantile,0.975,6
2026-05-09,wk inc rsv hosp,3,2026-05-30,North East,quantile,0.025,1
2026-05-09,wk inc rsv hosp,3,2026-05-30,North East,quantile,0.1,1
2026-05-09,wk inc rsv hosp,3,2026-05-30,North East,quantile,0.25,1
2026-05-09,wk inc rsv hosp,3,2026-05-30,North East,quantile,0.5,2
2026-05-09,wk inc rsv hosp,3,2026-05-30,North East,quantile,0.75,3
2026-05-09,wk inc rsv hosp,3,2026-05-30,North East,quantile,0.9,4
2026-05-09,wk inc rsv hosp,3,2026-05-30,North East,quantile,0.975,5
2026-05-09,wk inc rsv hosp,-1,2026-05-02,North West,quantile,0.025,0
2026-05-09,wk inc rsv hosp,-1,2026-05-02,North West,quantile,0.1,0
2026-05-09,wk inc rsv hosp,-1,2026-05-02,North West,quantile,0.25,1
2026-05-09,wk inc rsv hosp,-1,2026-05-02,North West,quantile,0.5,2
2026-05-09,wk inc rsv hosp,-1,2026-05-02,North West,quantile,0.75,3
2026-05-09,wk inc rsv hosp,-1,2026-05-02,North West,quantile,0.9,5
2026-05-09,wk inc rsv hosp,-1,2026-05-02,North West,quantile,0.975,6
2026-05-09,wk inc rsv hosp,0,2026-05-09,North West,quantile,0.025,0
2026-05-09,wk inc rsv hosp,0,2026-05-09,North West,quantile,0.1,1
2026-05-09,wk inc rsv hosp,0,2026-05-09,North West,quantile,0.25,1
2026-05-09,wk inc rsv hosp,0,2026-05-09,North West,quantile,0.5,2
2026-05-09,wk inc rsv hosp,0,2026-05-09,North West,quantile,0.75,3
2026-05-09,wk inc rsv hosp,0,2026-05-09,North West,quantile,0.9,3
2026-05-09,wk inc rsv hosp,0,2026-05-09,North West,quantile,0.975,5
2026-05-09,wk inc rsv hosp,1,2026-05-16,North West,quantile,0.025,0
2026-05-09,wk inc rsv hosp,1,2026-05-16,North West,quantile,0.1,0
2026-05-09,wk inc rsv hosp,1,2026-05-16,North West,quantile,0.25,1
2026-05-09,wk inc rsv hosp,1,2026-05-16,North West,quantile,0.5,2
2026-05-09,wk inc rsv hosp,1,2026-05-16,North West,quantile,0.75,3
2026-05-09,wk inc rsv hosp,1,2026-05-16,North West,quantile,0.9,3
2026-05-09,wk inc rsv hosp,1,2026-05-16,North West,quantile,0.975,5
2026-05-09,wk inc rsv hosp,2,2026-05-23,North West,quantile,0.025,1
2026-05-09,wk inc rsv hosp,2,2026-05-23,North West,quantile,0.1,1
2026-05-09,wk inc rsv hosp,2,2026-05-23,North West,quantile,0.25,1
2026-05-09,wk inc rsv hosp,2,2026-05-23,North West,quantile,0.5,2
2026-05-09,wk inc rsv hosp,2,2026-05-23,North West,quantile,0.75,3
2026-05-09,wk inc rsv hosp,2,2026-05-23,North West,quantile,0.9,4
2026-05-09,wk inc rsv hosp,2,2026-05-23,North West,quantile,0.975,5
2026-05-09,wk inc rsv hosp,3,2026-05-30,North West,quantile,0.025,1
2026-05-09,wk inc rsv hosp,3,2026-05-30,North West,quantile,0.1,1
2026-05-09,wk inc rsv hosp,3,2026-05-30,North West,quantile,0.25,1
2026-05-09,wk inc rsv hosp,3,2026-05-30,North West,quantile,0.5,2
2026-05-09,wk inc rsv hosp,3,2026-05-30,North West,quantile,0.75,3
2026-05-09,wk inc rsv hosp,3,2026-05-30,North West,quantile,0.9,4
2026-05-09,wk inc rsv hosp,3,2026-05-30,North West,quantile,0.975,6
2026-05-09,wk inc rsv hosp,-1,2026-05-02,Ontario,quantile,0.025,29
2026-05-09,wk inc rsv hosp,-1,2026-05-02,Ontario,quantile,0.1,40
2026-05-09,wk inc rsv hosp,-1,2026-05-02,Ontario,quantile,0.25,51
2026-05-09,wk inc rsv hosp,-1,2026-05-02,Ontario,quantile,0.5,62
2026-05-09,wk inc rsv hosp,-1,2026-05-02,Ontario,quantile,0.75,74
2026-05-09,wk inc rsv hosp,-1,2026-05-02,Ontario,quantile,0.9,85
2026-05-09,wk inc rsv hosp,-1,2026-05-02,Ontario,quantile,0.975,95
2026-05-09,wk inc rsv hosp,0,2026-05-09,Ontario,quantile,0.025,24
2026-05-09,wk inc rsv hosp,0,2026-05-09,Ontario,quantile,0.1,35
2026-05-09,wk inc rsv hosp,0,2026-05-09,Ontario,quantile,0.25,47
2026-05-09,wk inc rsv hosp,0,2026-05-09,Ontario,quantile,0.5,57
2026-05-09,wk inc rsv hosp,0,2026-05-09,Ontario,quantile,0.75,67
2026-05-09,wk inc rsv hosp,0,2026-05-09,Ontario,quantile,0.9,78
2026-05-09,wk inc rsv hosp,0,2026-05-09,Ontario,quantile,0.975,95
2026-05-09,wk inc rsv hosp,1,2026-05-16,Ontario,quantile,0.025,10
2026-05-09,wk inc rsv hosp,1,2026-05-16,Ontario,quantile,0.1,25
2026-05-09,wk inc rsv hosp,1,2026-05-16,Ontario,quantile,0.25,36
2026-05-09,wk inc rsv hosp,1,2026-05-16,Ontario,quantile,0.5,46
2026-05-09,wk inc rsv hosp,1,2026-05-16,Ontario,quantile,0.75,56
2026-05-09,wk inc rsv hosp,1,2026-05-16,Ontario,quantile,0.9,68
2026-05-09,wk inc rsv hosp,1,2026-05-16,Ontario,quantile,0.975,79
2026-05-09,wk inc rsv hosp,2,2026-05-23,Ontario,quantile,0.025,3
2026-05-09,wk inc rsv hosp,2,2026-05-23,Ontario,quantile,0.1,22
2026-05-09,wk inc rsv hosp,2,2026-05-23,Ontario,quantile,0.25,33
2026-05-09,wk inc rsv hosp,2,2026-05-23,Ontario,quantile,0.5,43
2026-05-09,wk inc rsv hosp,2,2026-05-23,Ontario,quantile,0.75,55
2026-05-09,wk inc rsv hosp,2,2026-05-23,Ontario,quantile,0.9,67
2026-05-09,wk inc rsv hosp,2,2026-05-23,Ontario,quantile,0.975,86
2026-05-09,wk inc rsv hosp,3,2026-05-30,Ontario,quantile,0.025,0
2026-05-09,wk inc rsv hosp,3,2026-05-30,Ontario,quantile,0.1,16
2026-05-09,wk inc rsv hosp,3,2026-05-30,Ontario,quantile,0.25,27
2026-05-09,wk inc rsv hosp,3,2026-05-30,Ontario,quantile,0.5,36
2026-05-09,wk inc rsv hosp,3,2026-05-30,Ontario,quantile,0.75,49
2026-05-09,wk inc rsv hosp,3,2026-05-30,Ontario,quantile,0.9,62
2026-05-09,wk inc rsv hosp,3,2026-05-30,Ontario,quantile,0.975,82
2026-05-09,wk inc rsv hosp,-1,2026-05-02,Toronto,quantile,0.025,7
2026-05-09,wk inc rsv hosp,-1,2026-05-02,Toronto,quantile,0.1,11
2026-05-09,wk inc rsv hosp,-1,2026-05-02,Toronto,quantile,0.25,15
2026-05-09,wk inc rsv hosp,-1,2026-05-02,Toronto,quantile,0.5,19
2026-05-09,wk inc rsv hosp,-1,2026-05-02,Toronto,quantile,0.75,23
2026-05-09,wk inc rsv hosp,-1,2026-05-02,Toronto,quantile,0.9,26
2026-05-09,wk inc rsv hosp,-1,2026-05-02,Toronto,quantile,0.975,30
2026-05-09,wk inc rsv hosp,0,2026-05-09,Toronto,quantile,0.025,7
2026-05-09,wk inc rsv hosp,0,2026-05-09,Toronto,quantile,0.1,10
2026-05-09,wk inc rsv hosp,0,2026-05-09,Toronto,quantile,0.25,13
2026-05-09,wk inc rsv hosp,0,2026-05-09,Toronto,quantile,0.5,16
2026-05-09,wk inc rsv hosp,0,2026-05-09,Toronto,quantile,0.75,19
2026-05-09,wk inc rsv hosp,0,2026-05-09,Toronto,quantile,0.9,21
2026-05-09,wk inc rsv hosp,0,2026-05-09,Toronto,quantile,0.975,25
2026-05-09,wk inc rsv hosp,1,2026-05-16,Toronto,quantile,0.025,5
2026-05-09,wk inc rsv hosp,1,2026-05-16,Toronto,quantile,0.1,10
2026-05-09,wk inc rsv hosp,1,2026-05-16,Toronto,quantile,0.25,13
2026-05-09,wk inc rsv hosp,1,2026-05-16,Toronto,quantile,0.5,16
2026-05-09,wk inc rsv hosp,1,2026-05-16,Toronto,quantile,0.75,19
2026-05-09,wk inc rsv hosp,1,2026-05-16,Toronto,quantile,0.9,22
2026-05-09,wk inc rsv hosp,1,2026-05-16,Toronto,quantile,0.975,27
2026-05-09,wk inc rsv hosp,2,2026-05-23,Toronto,quantile,0.025,5
2026-05-09,wk inc rsv hosp,2,2026-05-23,Toronto,quantile,0.1,9
2026-05-09,wk inc rsv hosp,2,2026-05-23,Toronto,quantile,0.25,12
2026-05-09,wk inc rsv hosp,2,2026-05-23,Toronto,quantile,0.5,15
2026-05-09,wk inc rsv hosp,2,2026-05-23,Toronto,quantile,0.75,18
2026-05-09,wk inc rsv hosp,2,2026-05-23,Toronto,quantile,0.9,22
2026-05-09,wk inc rsv hosp,2,2026-05-23,Toronto,quantile,0.975,27
2026-05-09,wk inc rsv hosp,3,2026-05-30,Toronto,quantile,0.025,3
2026-05-09,wk inc rsv hosp,3,2026-05-30,Toronto,quantile,0.1,7
2026-05-09,wk inc rsv hosp,3,2026-05-30,Toronto,quantile,0.25,10
2026-05-09,wk inc rsv hosp,3,2026-05-30,Toronto,quantile,0.5,12
2026-05-09,wk inc rsv hosp,3,2026-05-30,Toronto,quantile,0.75,16
2026-05-09,wk inc rsv hosp,3,2026-05-30,Toronto,quantile,0.9,19
2026-05-09,wk inc rsv hosp,3,2026-05-30,Toronto,quantile,0.975,26
2026-05-09,wk inc rsv hosp,-1,2026-05-02,West,quantile,0.025,9
2026-05-09,wk inc rsv hosp,-1,2026-05-02,West,quantile,0.1,12
2026-05-09,wk inc rsv hosp,-1,2026-05-02,West,quantile,0.25,15
2026-05-09,wk inc rsv hosp,-1,2026-05-02,West,quantile,0.5,19
2026-05-09,wk inc rsv hosp,-1,2026-05-02,West,quantile,0.75,23
2026-05-09,wk inc rsv hosp,-1,2026-05-02,West,quantile,0.9,26
2026-05-09,wk inc rsv hosp,-1,2026-05-02,West,quantile,0.975,29
2026-05-09,wk inc rsv hosp,0,2026-05-09,West,quantile,0.025,6
2026-05-09,wk inc rsv hosp,0,2026-05-09,West,quantile,0.1,10
2026-05-09,wk inc rsv hosp,0,2026-05-09,West,quantile,0.25,13
2026-05-09,wk inc rsv hosp,0,2026-05-09,West,quantile,0.5,16
2026-05-09,wk inc rsv hosp,0,2026-05-09,West,quantile,0.75,19
2026-05-09,wk inc rsv hosp,0,2026-05-09,West,quantile,0.9,21
2026-05-09,wk inc rsv hosp,0,2026-05-09,West,quantile,0.975,25
2026-05-09,wk inc rsv hosp,1,2026-05-16,West,quantile,0.025,7
2026-05-09,wk inc rsv hosp,1,2026-05-16,West,quantile,0.1,9
2026-05-09,wk inc rsv hosp,1,2026-05-16,West,quantile,0.25,12
2026-05-09,wk inc rsv hosp,1,2026-05-16,West,quantile,0.5,15
2026-05-09,wk inc rsv hosp,1,2026-05-16,West,quantile,0.75,16
2026-05-09,wk inc rsv hosp,1,2026-05-16,West,quantile,0.9,19
2026-05-09,wk inc rsv hosp,1,2026-05-16,West,quantile,0.975,22
2026-05-09,wk inc rsv hosp,2,2026-05-23,West,quantile,0.025,4
2026-05-09,wk inc rsv hosp,2,2026-05-23,West,quantile,0.1,8
2026-05-09,wk inc rsv hosp,2,2026-05-23,West,quantile,0.25,10
2026-05-09,wk inc rsv hosp,2,2026-05-23,West,quantile,0.5,13
2026-05-09,wk inc rsv hosp,2,2026-05-23,West,quantile,0.75,15
2026-05-09,wk inc rsv hosp,2,2026-05-23,West,quantile,0.9,18
2026-05-09,wk inc rsv hosp,2,2026-05-23,West,quantile,0.975,22
2026-05-09,wk inc rsv hosp,3,2026-05-30,West,quantile,0.025,3
2026-05-09,wk inc rsv hosp,3,2026-05-30,West,quantile,0.1,6
2026-05-09,wk inc rsv hosp,3,2026-05-30,West,quantile,0.25,7
2026-05-09,wk inc rsv hosp,3,2026-05-30,West,quantile,0.5,10
2026-05-09,wk inc rsv hosp,3,2026-05-30,West,quantile,0.75,13
2026-05-09,wk inc rsv hosp,3,2026-05-30,West,quantile,0.9,16
2026-05-09,wk inc rsv hosp,3,2026-05-30,West,quantile,0.975,19
